/* SCOTT 계정에서 실행 */

--DROP TABLE DEPT CASCADE CONSTRAINT;
--DROP TABLE EMP;
--DROP TABLE SALGRADE;
--DROP TABLE BONUS;


CREATE TABLE DEPT
    (DEPTNO NUMBER(2)    CONSTRAINT PK_DEPT PRIMARY KEY,
     DNAME  VARCHAR2(14) NOT NULL,
     LOC    VARCHAR2(13) ) ;

INSERT INTO DEPT VALUES
	(10,'ACCOUNTING','NEW YORK');
INSERT INTO DEPT VALUES (20,'RESEARCH','DALLAS');
INSERT INTO DEPT VALUES
	(30,'SALES','CHICAGO');
INSERT INTO DEPT VALUES
	(40,'OPERATIONS','BOSTON');



CREATE TABLE EMP
    (EMPNO    NUMBER(4)    CONSTRAINT PK_EMP PRIMARY KEY,
     ENAME    VARCHAR2(10) NOT NULL,
     JOB      VARCHAR2(9)  NOT NULL,
     MGR      NUMBER(4),
     HIREDATE DATE         NOT NULL,
     SAL      NUMBER       NOT NULL,
     COMM     NUMBER(7,2),
     DEPTNO   NUMBER(2)    NOT NULL CONSTRAINT FK_DEPTNO REFERENCES DEPT);

INSERT INTO EMP (EMPNO, ENAME, JOB, MGR, HIREDATE, SAL, COMM, DEPTNO ) VALUES (7369,'SMITH','CLERK',7902,TO_DATE('19801217', 'YYYYMMDD'),800,NULL,20);
INSERT INTO EMP (EMPNO, ENAME, JOB, MGR, HIREDATE, SAL, COMM, DEPTNO ) VALUES (7499,'ALLEN','SALESMAN',7698,TO_DATE('19810220', 'YYYYMMDD'),1600,300,30);
INSERT INTO EMP (EMPNO, ENAME, JOB, MGR, HIREDATE, SAL, COMM, DEPTNO ) VALUES (7521,'WARD','SALESMAN',7698,TO_DATE('19810222', 'YYYYMMDD'),1250,500,30);
INSERT INTO EMP (EMPNO, ENAME, JOB, MGR, HIREDATE, SAL, COMM, DEPTNO ) VALUES (7566,'JONES','MANAGER',7839,TO_DATE('19810402', 'YYYYMMDD'),2975,NULL,20);
INSERT INTO EMP (EMPNO, ENAME, JOB, MGR, HIREDATE, SAL, COMM, DEPTNO ) VALUES (7654,'MARTIN','SALESMAN',7698,TO_DATE('19810928', 'YYYYMMDD'),1250,1400,30);
INSERT INTO EMP (EMPNO, ENAME, JOB, MGR, HIREDATE, SAL, COMM, DEPTNO ) VALUES (7698,'BLAKE','MANAGER',7839,TO_DATE('19810501', 'YYYYMMDD'),2850,NULL,30);
INSERT INTO EMP (EMPNO, ENAME, JOB, MGR, HIREDATE, SAL, COMM, DEPTNO ) VALUES (7782,'CLARK','MANAGER',7839,TO_DATE('19810609', 'YYYYMMDD'),2450,NULL,10);
INSERT INTO EMP (EMPNO, ENAME, JOB, MGR, HIREDATE, SAL, COMM, DEPTNO ) VALUES (7788,'SCOTT','ANALYST',7566,TO_DATE('19870419', 'YYYYMMDD'),3000,NULL,20);
INSERT INTO EMP (EMPNO, ENAME, JOB, MGR, HIREDATE, SAL, COMM, DEPTNO ) VALUES (7839,'KING','PRESIDENT',NULL,TO_DATE('19811117', 'YYYYMMDD'),5000,NULL,10);
INSERT INTO EMP (EMPNO, ENAME, JOB, MGR, HIREDATE, SAL, COMM, DEPTNO ) VALUES (7844,'TURNER','SALESMAN',7698,TO_DATE('19810908', 'YYYYMMDD'),1500,0,30);
INSERT INTO EMP (EMPNO, ENAME, JOB, MGR, HIREDATE, SAL, COMM, DEPTNO ) VALUES (7876,'ADAMS','CLERK',7788,TO_DATE('19870523', 'YYYYMMDD'),1100,NULL,20);
INSERT INTO EMP (EMPNO, ENAME, JOB, MGR, HIREDATE, SAL, COMM, DEPTNO ) VALUES (7900,'JAMES','CLERK',7698,TO_DATE('19811203', 'YYYYMMDD'),950,NULL,30);
INSERT INTO EMP (EMPNO, ENAME, JOB, MGR, HIREDATE, SAL, COMM, DEPTNO ) VALUES (7902,'FORD','ANALYST',7566,TO_DATE('19811203', 'YYYYMMDD'),3000,NULL,20);
INSERT INTO EMP (EMPNO, ENAME, JOB, MGR, HIREDATE, SAL, COMM, DEPTNO ) VALUES (7934,'MILLER','CLERK',7782,TO_DATE('19820123', 'YYYYMMDD'),1300,NULL,10);



CREATE TABLE SALGRADE
    (GRADE NUMBER CONSTRAINT PK_SALGRADE PRIMARY KEY,
     LOSAL NUMBER NOT NULL,
     HISAL NUMBER NOT NULL);

INSERT INTO SALGRADE VALUES (1,700,1200);
INSERT INTO SALGRADE VALUES (2,1201,1400);
INSERT INTO SALGRADE VALUES (3,1401,2000);
INSERT INTO SALGRADE VALUES (4,2001,3000);
INSERT INTO SALGRADE VALUES (5,3001,9999);



CREATE TABLE BONUS
    (ENAME VARCHAR2(10),
     JOB   VARCHAR2(9),
     SAL   NUMBER,
     COMM  NUMBER);


COMMIT;

